EventDate,EventTime,EventPlace,Magunitude,SeismicIntensity
2015/6/30,16時05分ごろ,父島近海,5.3,2
2015/7/24,10時53分ごろ,島根県東部,2.6,1
2015/7/24,7時30分ごろ,岩手県沖,3.3,1
2015/7/23,21時52分ごろ,福島県沖,4.8,1
2015/7/23,18時43分ごろ,浦河沖,4.4,2
2015/7/23,14時28分ごろ,静岡県東部,2.4,1
2015/7/23,3時49分ごろ,茨城県沖,4.2,2
2015/7/22,18時43分ごろ,熊本県熊本地方,2.7,1
2015/7/22,13時51分ごろ,八丈島東方沖,5.1,1
2015/7/22,13時44分ごろ,千葉県北西部,3,1
2015/7/22,5時21分ごろ,島根県西部,2.7,1
2015/7/21,18時17分ごろ,福島県沖,5,3
2015/7/21,15時27分ごろ,内浦湾,2.9,1
2015/7/21,13時30分ごろ,熊本県熊本地方,3.1,1
2015/7/21,5時46分ごろ,紀伊水道,3.8,2
2015/7/20,22時56分ごろ,新潟県中越地方,3.5,3
2015/7/20,22時55分ごろ,---,---,3
2015/7/20,13時25分ごろ,宮城県沖,4.2,1
2015/7/20,10時46分ごろ,大分県中部,2,1
2015/7/20,10時12分ごろ,青森県東方沖,3.1,2
2015/7/20,7時05分ごろ,千葉県北東部,3.2,1
2015/7/20,5時47分ごろ,茨城県北部,3.1,1
2015/7/19,14時20分ごろ,宮城県沖,3.5,1
2015/7/19,2時13分ごろ,大隅半島東方沖,4.6,3
2015/7/18,18時28分ごろ,日向灘,4,2
2015/7/18,11時28分ごろ,南太平洋,6.9,---
2015/7/17,18時32分ごろ,日向灘,3.9,2
2015/7/17,9時57分ごろ,日向灘,3.3,1
2015/7/17,2時15分ごろ,八丈島近海,4.2,2
2015/7/16,22時13分ごろ,岩手県内陸南部,3.4,2
2015/7/16,18時35分ごろ,八丈島近海,3.5,1
2015/7/16,18時22分ごろ,八丈島近海,3.8,1
2015/7/16,15時13分ごろ,八丈島近海,4.7,2
2015/7/16,14時39分ごろ,宮城県沖,4.1,3
2015/7/16,14時12分ごろ,与那国島近海,4.3,1
2015/7/16,10時15分ごろ,青森県東方沖,4.4,2
2015/7/16,10時15分ごろ,八丈島近海,4.5,1
2015/7/16,7時47分ごろ,宮古島近海,4,1
2015/7/16,6時14分ごろ,苫小牧沖,4,1
2015/7/16,3時00分ごろ,奄美大島近海,3.8,1
2015/7/15,22時17分ごろ,福島県沖,3.5,1
2015/7/15,19時02分ごろ,長野県北部,2.4,1
2015/7/15,17時08分ごろ,岩手県沖,4.1,1
2015/7/15,17時06分ごろ,八丈島近海,3.9,1
2015/7/15,17時01分ごろ,八丈島近海,4.6,1
2015/7/15,16時23分ごろ,八丈島近海,3.9,1
2015/7/15,16時18分ごろ,八丈島近海,3.9,1
2015/7/15,16時09分ごろ,八丈島近海,3.8,1
2015/8/5,20時56分ごろ,福島県沖,5.1,3
2015/8/5,18時36分ごろ,釧路沖,4.1,1
2015/8/5,11時34分ごろ,宮城県沖,3.4,1
2015/8/5,3時53分ごろ,千葉県東方沖,2.9,1
2015/8/5,1時58分ごろ,福島県沖,3.7,2
2015/8/5,0時51分ごろ,茨城県南部,3,1
2015/8/4,21時10分ごろ,茨城県沖,3.3,1
2015/8/4,13時39分ごろ,九州地方南東沖,4.6,1
2015/8/4,7時29分ごろ,日向灘,3.6,1
2015/8/4,5時13分ごろ,長野県南部,3.8,2
2015/7/10,13時13分ごろ,南太平洋,7,---
2015/7/10,9時40分ごろ,茨城県南部,3.7,2
2015/7/10,4時10分ごろ,青森県三八上北地方,2.9,1
2015/7/10,3時33分ごろ,岩手県沿岸北部,5.8,5弱
2015/7/10,1時15分ごろ,茨城県南部,4.4,4
2015/7/9,19時59分ごろ,宮城県沖,3.9,1
2015/7/9,17時27分ごろ,岩手県沖,5,3
2015/7/9,14時38分ごろ,岩手県沖,3.2,1
2015/7/9,8時38分ごろ,千葉県東方沖,4.1,2
2015/7/8,22時14分ごろ,宮城県沖,4.4,1
2015/7/8,18時47分ごろ,和歌山県北部,2.4,1
2015/7/8,13時23分ごろ,岩手県内陸北部,2.4,1
2015/7/8,8時43分ごろ,釧路沖,3,1
2015/7/7,16時11分ごろ,岩手県沖,4.2,1
2015/7/7,14時13分ごろ,---,---,3
2015/7/7,14時10分ごろ,北海道東方沖,6.2,3
2015/7/7,2時46分ごろ,長野県南部,2.4,1
2015/7/6,18時30分ごろ,茨城県南部,4.1,3
2015/7/6,18時24分ごろ,埼玉県南部,3.3,1
2015/7/6,17時21分ごろ,茨城県沖,3.6,1
2015/7/6,13時45分ごろ,兵庫県南東部,3.1,2
2015/7/6,9時29分ごろ,宮城県沖,3.9,2
2015/7/6,2時42分ごろ,福島県沖,3.5,1
2015/7/5,23時06分ごろ,伊豆大島近海,3.8,2
2015/7/5,19時42分ごろ,宮城県沖,4.5,2
2015/7/5,17時54分ごろ,和歌山県北部,2.4,1
2015/7/5,9時20分ごろ,茨城県沖,3.6,1
2015/7/5,5時55分ごろ,山形県置賜地方,3.5,2
2015/7/5,3時55分ごろ,宮城県沖,3.9,1
2015/7/4,13時24分ごろ,宮城県沖,4.6,3
2015/7/4,8時14分ごろ,熊本県熊本地方,3,2
2015/7/4,7時39分ごろ,岐阜県飛騨地方,2.5,1
2015/7/4,3時41分ごろ,茨城県南部,2.9,1
2015/7/4,1時09分ごろ,千葉県南部,2.7,1
2015/7/4,0時43分ごろ,愛媛県南予,3.6,2
2015/7/3,12時33分ごろ,苫小牧沖,4.2,1
2015/7/3,11時48分ごろ,宮城県沖,3.1,1
2015/7/3,4時55分ごろ,伊予灘,3.8,2
2015/7/3,4時46分ごろ,神奈川県西部,2.5,1
2015/7/2,15時05分ごろ,宮城県沖,4.6,3
2015/7/2,12時35分ごろ,根室地方北部,3.5,2
2015/7/2,2時23分ごろ,国後島付近,4,1
2015/7/1,9時20分ごろ,青森県東方沖,3.7,1
2015/7/1,2時46分ごろ,奄美大島近海,3.4,1
2015/7/1,0時36分ごろ,浦河沖,3.4,1
2015/6/30,13時03分ごろ,奄美大島近海,3.3,1
2015/6/30,12時42分ごろ,山形県置賜地方,3.2,1
2015/6/30,10時52分ごろ,神奈川県西部,3,2
2015/6/30,10時45分ごろ,静岡県東部,2.5,1
2015/6/30,10時33分ごろ,---,---,3
2015/6/30,10時32分ごろ,静岡県東部,3.2,3
2015/6/30,9時54分ごろ,神奈川県西部,1.9,1
2015/6/30,9時25分ごろ,神奈川県西部,1.9,1
2015/6/30,9時12分ごろ,神奈川県西部,2.4,2
2015/6/30,8時39分ごろ,神奈川県西部,1.6,1
2015/6/30,6時56分ごろ,神奈川県西部,3.3,3
2015/6/30,6時14分ごろ,神奈川県西部,2,1
2015/6/30,6時04分ごろ,神奈川県西部,2.6,2
2015/6/30,2時59分ごろ,千葉県北西部,3.3,1
2015/6/30,0時09分ごろ,和歌山県南部,2.8,1
2015/6/29,23時25分ごろ,福島県沖,4.2,1
2015/6/29,22時15分ごろ,島根県東部,2.4,1
2015/6/29,21時10分ごろ,神奈川県西部,1.5,1
2015/6/29,19時07分ごろ,福島県沖,4,2
2015/6/29,14時38分ごろ,トカラ列島近海,2.2,1
2015/6/29,12時07分ごろ,神奈川県西部,1.3,1
2015/6/29,9時04分ごろ,静岡県東部,1.8,1
2015/6/28,10時39分ごろ,宮城県沖,3.6,1
2015/6/28,7時59分ごろ,宮城県沖,4,2
2015/6/28,7時37分ごろ,栃木県北部,2.6,1
2015/6/28,5時44分ごろ,トカラ列島近海,3.8,1
2015/6/28,1時14分ごろ,山口県東部,2.7,1
2015/6/27,20時20分ごろ,千葉県北西部,3.2,1
2015/6/27,16時57分ごろ,福島県沖,3.8,2
2015/6/27,15時23分ごろ,茨城県沖,3.7,2
2015/6/27,10時30分ごろ,千葉県東方沖,3.4,1
2015/6/27,5時39分ごろ,奄美大島近海,4.2,3
2015/6/27,3時30分ごろ,北海道東方沖,4.5,2
2015/6/27,1時16分ごろ,与那国島近海,4.6,1
2015/6/26,19時38分ごろ,青森県東方沖,4.3,2
2015/6/26,14時50分ごろ,茨城県沖,3.4,1
2015/6/26,4時11分ごろ,新潟県上越地方,2.1,1
2015/6/25,7時34分ごろ,宮城県沖,4,1
2015/6/24,18時12分ごろ,奈良県,2.6,1
2015/6/24,12時42分ごろ,釧路地方中南部,3.1,1
2015/6/24,6時47分ごろ,高知県東部,3.1,1
2015/6/23,21時22分ごろ,小笠原諸島西方沖,5.3,2
2015/6/23,21時18分ごろ,小笠原諸島西方沖,6.9,4
2015/6/23,20時06分ごろ,宮城県沖,4.1,1
2015/6/23,18時13分ごろ,青森県津軽北部,2.5,1
2015/6/23,17時57分ごろ,福島県沖,3.5,1
2015/6/23,15時48分ごろ,千葉県東方沖,3.6,1
2015/6/23,0時35分ごろ,青森県東方沖,4.4,4
2015/6/22,22時11分ごろ,高知県東部,3.1,1
2015/6/22,18時12分ごろ,群馬県南部,2.7,1
2015/6/22,11時17分ごろ,宮城県沖,4.8,2
2015/6/22,5時30分ごろ,茨城県沖,4.1,2
2015/6/21,22時59分ごろ,茨城県南部,2.8,1
2015/6/21,13時16分ごろ,宮城県沖,4,2
2015/6/20,22時50分ごろ,硫黄島近海,4.8,1
2015/6/20,18時18分ごろ,茨城県沖,3.5,1
2015/6/20,18時06分ごろ,長野県南部,2.1,1
2015/6/20,16時42分ごろ,宮城県沖,3.3,1
2015/6/20,11時44分ごろ,神奈川県西部,2.8,2
2015/6/19,21時30分ごろ,奄美大島北東沖,4.5,2
2015/6/19,17時09分ごろ,父島近海,5.3,1
2015/6/19,14時47分ごろ,茨城県沖,3.2,1
2015/6/19,11時13分ごろ,トカラ列島近海,1.9,1
2015/6/19,9時35分ごろ,福島県沖,4.7,3
2015/6/19,3時49分ごろ,新潟県中越地方,2.5,2
2015/6/18,16時36分ごろ,岩手県沿岸北部,4,2
2015/6/18,10時06分ごろ,広島県北部,2.6,1
2015/6/18,8時39分ごろ,東京湾,3.5,1
2015/6/17,9時56分ごろ,茨城県北部,2.9,1
2015/6/17,4時57分ごろ,千葉県東方沖,3.7,1
2015/6/17,2時59分ごろ,宮城県沖,3.5,1
2015/6/16,19時50分ごろ,釧路地方中南部,2.3,2
2015/6/16,16時47分ごろ,宮城県沖,3,1
2015/6/16,13時42分ごろ,新潟県上中越沖,3.6,2
2015/6/16,4時41分ごろ,長野県北部,2.6,1
2015/8/13,23時08分ごろ,与那国島近海,5.7,3
2015/8/13,18時26分ごろ,北海道北西沖,2.3,1
2015/8/13,18時23分ごろ,福井県嶺北,2.9,1
2015/8/13,9時42分ごろ,千葉県北西部,3.5,2
2015/8/13,6時07分ごろ,青森県東方沖,3.5,1
2015/8/13,4時29分ごろ,茨城県沖,3.7,2
2015/8/12,20時38分ごろ,岩手県沖,3.9,2
2015/8/12,16時40分ごろ,宮城県中部,2.6,2
2015/8/12,14時21分ごろ,岩手県内陸南部,3.3,1
2015/8/12,1時14分ごろ,和歌山県北部,3.4,1
2015/8/11,20時05分ごろ,釧路沖,4.2,2
2015/8/11,12時31分ごろ,宮古島近海,4.4,3
2015/8/11,10時15分ごろ,栃木県北部,2.9,1
2015/8/10,23時59分ごろ,北海道東方沖,4.2,1
2015/8/10,22時31分ごろ,宮城県沖,4.2,2
2015/8/10,20時04分ごろ,長野県南部,2.6,1
2015/8/10,18時44分ごろ,茨城県南部,4,3
2015/8/10,13時15分ごろ,和歌山県南方沖,4.2,2
2015/8/10,11時34分ごろ,宮城県北部,4.5,3
2015/8/10,5時36分ごろ,宮城県沖,3.9,1
2015/8/9,20時04分ごろ,トカラ列島近海,3,2
2015/8/9,18時18分ごろ,千葉県北西部,4.2,2
2015/8/9,11時09分ごろ,宮城県沖,4,2
2015/8/8,21時58分ごろ,根室半島南東沖,4.4,3
2015/8/8,18時33分ごろ,父島近海,4.8,1
2015/8/8,6時43分ごろ,岩手県沿岸南部,4,2
2015/8/8,1時49分ごろ,長野県北部,1.9,1
2015/8/8,1時24分ごろ,奄美大島近海,2.9,1
2015/8/7,19時24分ごろ,トカラ列島近海,2.1,1
2015/8/7,6時27分ごろ,根室半島南東沖,3.7,1
2015/8/7,3時06分ごろ,茨城県北部,3.3,1
2015/8/7,1時06分ごろ,沖縄本島近海,2.9,1
2015/8/7,1時01分ごろ,沖縄本島近海,3.7,2
2015/8/6,19時34分ごろ,根室半島南東沖,3.6,1
2015/8/6,18時22分ごろ,茨城県北部,5.2,4
2015/8/6,14時27分ごろ,千葉県東方沖,4,1
2015/8/6,10時45分ごろ,茨城県沖,4.6,2
2015/8/31,20時35分ごろ,静岡県西部,3.1,2
2015/8/31,20時06分ごろ,静岡県西部,2.9,1
2015/8/31,20時03分ごろ,静岡県西部,3,1
2015/8/31,16時45分ごろ,静岡県西部,2.8,1
2015/8/31,12時51分ごろ,奄美大島北東沖,4,1
2015/8/31,10時30分ごろ,宮城県沖,3.6,1
2015/8/31,6時59分ごろ,上川地方南部,2.6,1
2015/8/30,18時43分ごろ,岩手県内陸北部,2.4,1
2015/8/30,18時11分ごろ,トカラ列島近海,2.1,1
2015/8/30,18時08分ごろ,トカラ列島近海,2.4,2
2015/8/30,17時32分ごろ,栃木県北部,2.3,1
2015/8/30,15時19分ごろ,三重県中部,2.9,1
2015/8/30,14時31分ごろ,奄美大島北東沖,4.8,2
2015/8/29,23時24分ごろ,静岡県西部,2.7,1
2015/8/29,22時20分ごろ,静岡県西部,2.7,1
2015/8/29,22時05分ごろ,静岡県西部,3.5,2
2015/8/29,18時48分ごろ,新潟県中越地方,3,1
2015/8/29,15時00分ごろ,宗谷地方北部,2.7,2
2015/8/29,0時31分ごろ,硫黄島近海,5.8,2
2015/8/28,23時46分ごろ,茨城県沖,4.8,3
2015/8/28,12時16分ごろ,橘湾,2.5,1
2015/8/28,10時12分ごろ,日向灘,3.4,2
2015/8/28,7時38分ごろ,茨城県沖,4.1,1
2015/8/28,6時47分ごろ,茨城県沖,4.1,1
2015/8/28,6時13分ごろ,日高地方中部,3.8,2
2015/8/28,4時10分ごろ,択捉島付近,5,1
2015/8/27,23時02分ごろ,静岡県東部,3.3,3
2015/8/27,21時48分ごろ,壱岐・対馬近海,2.9,1
2015/8/27,18時32分ごろ,岩手県沿岸北部,3.9,2
2015/8/27,12時23分ごろ,胆振地方中東部,4.3,2
2015/8/27,10時23分ごろ,長野県中部,3,3
2015/8/26,23時56分ごろ,和歌山県南方沖,2.8,1
2015/8/26,16時23分ごろ,福島県沖,4.6,2
2015/8/26,11時10分ごろ,伊豆大島近海,1.9,1
2015/8/26,7時51分ごろ,日向灘,5.2,4
2015/8/25,14時57分ごろ,宮城県沖,4,2
2015/8/25,10時49分ごろ,岩手県沖,3.8,1
2015/8/25,9時34分ごろ,長野県北部,1.2,1
2015/8/25,6時14分ごろ,宮城県沖,3.7,1
2015/8/25,3時24分ごろ,宮城県沖,4.5,3
2015/8/24,14時49分ごろ,福島県沖,5,3
2015/8/24,12時59分ごろ,宮城県沖,4.4,2
2015/8/24,7時36分ごろ,福島県浜通り,2.7,1
2015/8/24,4時28分ごろ,大分県西部,2.6,1
2015/8/24,2時37分ごろ,福岡県北九州地方,2.7,1
2015/8/23,20時23分ごろ,岩手県沿岸北部,3.6,2
2015/8/23,19時11分ごろ,茨城県沖,3.9,1
2015/8/23,14時23分ごろ,西表島付近,2.7,1
2015/8/23,14時04分ごろ,茨城県沖,4.2,1
2015/8/23,11時08分ごろ,宮城県沖,4.2,3
2015/8/22,22時57分ごろ,岩手県沿岸北部,3.4,1
2015/8/22,22時20分ごろ,種子島近海,3.5,1
2015/8/22,21時14分ごろ,浦河沖,4.4,3
2015/8/22,8時43分ごろ,茨城県南部,3.1,2
2015/8/22,7時58分ごろ,茨城県南部,3.4,2
2015/8/22,1時42分ごろ,宮城県沖,3,1
2015/8/22,1時41分ごろ,浦河沖,3.5,1
2015/8/21,23時55分ごろ,宮城県沖,3.8,1
2015/8/21,22時20分ごろ,千葉県北西部,3.4,1
2015/8/21,16時54分ごろ,豊後水道,4.4,3
2015/8/21,14時12分ごろ,奈良県,2.7,1
2015/8/21,14時01分ごろ,渡島地方東部,2.4,1
2015/8/21,6時13分ごろ,長野県南部,3.1,1
2015/8/21,5時38分ごろ,宮城県沖,3.8,1
2015/8/21,4時32分ごろ,長野県中部,3.8,3
2015/8/20,23時01分ごろ,浦河沖,4.1,2
2015/8/20,21時57分ごろ,宮城県沖,4.7,3
2015/8/20,21時17分ごろ,大分県西部,2.7,1
2015/8/20,20時26分ごろ,福島県会津,3,3
2015/8/20,15時48分ごろ,根室地方北部,3.4,1
2015/8/20,8時58分ごろ,福島県沖,3.8,1
2015/8/20,7時15分ごろ,宮城県沖,3.9,1
2015/8/19,21時21分ごろ,岩手県沿岸北部,3.9,2
2015/8/19,8時53分ごろ,山梨県東部・富士五湖,3.3,2
2015/8/19,4時17分ごろ,房総半島南方沖,4.1,1
2015/8/18,15時49分ごろ,群馬県北部,2.3,2
2015/8/18,0時59分ごろ,新島・神津島近海,2.7,1
2015/8/17,20時40分ごろ,種子島近海,5.1,3
2015/8/17,19時21分ごろ,茨城県南部,2.7,1
2015/8/17,18時09分ごろ,神奈川県西部,2,1
2015/8/17,13時59分ごろ,福島県会津,1.7,1
2015/8/17,9時46分ごろ,父島近海,5.4,2
2015/8/16,8時44分ごろ,福島県沖,4.3,3
2015/8/15,23時30分ごろ,福島県会津,2,2
2015/8/15,19時44分ごろ,千葉県南東沖,3.6,1
2015/8/15,15時53分ごろ,浦河沖,3.6,1
2015/8/15,14時46分ごろ,鹿児島湾,2.2,2
2015/8/15,14時39分ごろ,鹿児島湾,1.8,1
2015/8/15,11時32分ごろ,鹿児島県薩摩地方,1.7,1
2015/8/15,10時47分ごろ,鹿児島湾,2.2,2
2015/8/15,1時38分ごろ,新潟県中越地方,2,1
2015/8/15,0時24分ごろ,静岡県中部,2.4,1
2015/8/14,21時13分ごろ,宮城県沖,3.9,1
2015/8/14,18時48分ごろ,高知県中部,3.9,2
2015/8/14,15時34分ごろ,沖縄本島北西沖,4.4,1
2015/8/14,14時25分ごろ,埼玉県秩父地方,2.6,1
2015/8/14,13時43分ごろ,十勝地方中部,5.1,4
2015/8/14,12時24分ごろ,和歌山県北部,2.3,1
2015/8/14,5時13分ごろ,福島県沖,5,4
2015/8/14,4時30分ごろ,周防灘,3.2,1
2015/8/3,22時11分ごろ,淡路島付近,3.2,2
2015/8/3,15時26分ごろ,茨城県南部,3,1
2015/8/3,14時30分ごろ,福島県沖,4.9,3
2015/8/3,10時59分ごろ,日向灘,3,1
2015/8/3,10時09分ごろ,石川県加賀地方,3.1,3
2015/8/3,6時58分ごろ,宮城県沖,3.6,1
2015/8/3,2時51分ごろ,新潟県上越地方,2.6,1
2015/8/2,22時22分ごろ,岩手県沖,4.1,1
2015/8/2,21時45分ごろ,長野県北部,1.7,1
2015/8/2,14時16分ごろ,福島県会津,2.2,1
2015/8/2,6時51分ごろ,九州地方南東沖,4.4,1
2015/8/2,0時52分ごろ,九州地方南東沖,3.8,1
2015/8/1,23時24分ごろ,宮城県沖,4.7,3
2015/8/1,12時33分ごろ,宮城県沖,3.8,1
2015/8/1,9時23分ごろ,宮城県沖,4.4,3
2015/8/1,8時44分ごろ,茨城県南部,3.3,1
2015/7/31,23時17分ごろ,釧路地方中南部,2.5,1
2015/7/31,13時16分ごろ,青森県東方沖,3.6,2
2015/7/31,13時08分ごろ,岩手県内陸南部,3.1,1
2015/7/31,11時04分ごろ,岩手県沖,3.9,1
2015/7/30,20時49分ごろ,茨城県北部,2.5,1
2015/7/30,17時16分ごろ,福島県浜通り,4.2,3
2015/7/30,15時08分ごろ,山梨県中・西部,2.1,1
2015/7/30,13時53分ごろ,青森県三八上北地方,2.9,1
2015/7/30,7時07分ごろ,釧路地方北部,1.3,1
2015/7/29,21時35分ごろ,茨城県南部,4,3
2015/7/29,13時53分ごろ,茨城県沖,3.7,1
2015/7/29,8時45分ごろ,宮城県沖,3.8,1
2015/7/28,23時36分ごろ,山梨県東部・富士五湖,2.1,1
2015/7/28,16時57分ごろ,長野県南部,2.4,1
2015/7/28,15時11分ごろ,茨城県北部,3.4,1
2015/7/28,6時41分ごろ,ニューギニア付近,7,---
2015/7/28,2時37分ごろ,福島県会津,2.9,2
2015/7/28,1時50分ごろ,茨城県南部,3.1,1
2015/7/27,23時04分ごろ,千葉県東方沖,3.8,1
2015/7/27,13時34分ごろ,秋田県沖,3.6,1
2015/7/27,0時37分ごろ,三重県南東沖,3.2,1
2015/7/26,8時26分ごろ,山梨県東部・富士五湖,2.8,1
2015/7/26,0時36分ごろ,国後島付近,3.6,1
2015/7/25,7時21分ごろ,兵庫県北部,3,1
2015/7/25,4時31分ごろ,千葉県東方沖,4.7,2
2015/9/18,6時42分ごろ,青森県東方沖,4.2,2
2015/9/18,1時43分ごろ,石垣島近海,3.5,1
2015/9/17,23時50分ごろ,栃木県北部,2.8,1
2015/9/17,20時07分ごろ,山形県置賜地方,3.4,2
2015/9/17,17時25分ごろ,佐渡付近,3.7,1
2015/9/17,15時50分ごろ,茨城県沖,3.4,1
2015/9/17,8時28分ごろ,根室半島南東沖,3.3,1
2015/9/17,7時54分ごろ,南米西部,8.3,---
2015/10/17,1時13分ごろ,五島列島近海,2.5,1
2015/10/17,1時11分ごろ,五島列島近海,2.5,1
2015/10/16,17時33分ごろ,岩手県沿岸北部,3.9,2
2015/10/16,16時34分ごろ,宮城県沖,4.2,2
2015/10/16,15時32分ごろ,徳島県南部,2.7,1
2015/10/16,10時59分ごろ,長野県中部,2,2
2015/10/16,9時13分ごろ,徳島県南部,2.4,1
2015/10/16,5時56分ごろ,愛知県西部,2.8,1
2015/10/16,5時36分ごろ,栃木県北部,3,1
2015/10/15,16時03分ごろ,宮城県沖,3.8,1
2015/10/15,14時41分ごろ,鳥取県中部,2.3,1
2015/10/15,14時29分ごろ,熊本県天草・芦北地方,2.4,1
2015/10/15,13時51分ごろ,三重県南部,3.2,1
2015/10/15,11時37分ごろ,根室半島南東沖,3.6,1
2015/10/15,10時06分ごろ,茨城県南部,2.9,1
2015/10/15,5時35分ごろ,千葉県東方沖,4.4,2
2015/10/15,4時36分ごろ,根室半島南東沖,4.2,2
2015/11/6,3時03分ごろ,三陸沖,4.7,1
2015/11/6,0時35分ごろ,北海道東方沖,4.3,1
2015/11/5,20時58分ごろ,茨城県南部,3.1,1
2015/11/5,17時39分ごろ,福島県会津,1.7,1
2015/11/5,17時23分ごろ,八丈島東方沖,5,1
2015/11/5,13時06分ごろ,福島県中通り,2.9,1
2015/11/4,23時56分ごろ,宮城県沖,3.5,1
2015/11/4,23時02分ごろ,千葉県東方沖,3.6,1
2015/11/4,22時48分ごろ,根室半島南東沖,4.5,2
2015/11/4,15時28分ごろ,茨城県北部,3.2,1
2015/11/4,8時56分ごろ,茨城県沖,4.3,2
2015/11/4,3時55分ごろ,三河湾,2.7,1
2015/11/4,0時55分ごろ,日向灘,4.1,3
2015/11/4,0時01分ごろ,大阪府南部,3.5,2
2015/11/3,19時05分ごろ,福島県浜通り,3.6,1
2015/11/3,14時38分ごろ,福島県会津,2.4,2
2015/11/3,14時11分ごろ,茨城県北部,3,1
2015/11/3,12時46分ごろ,福島県沖,3.3,1
2015/11/3,11時51分ごろ,宮城県沖,3.6,1
2015/11/3,1時43分ごろ,沖縄本島近海,4.3,1
2015/11/2,18時07分ごろ,宮城県沖,3.9,1
2015/11/2,12時34分ごろ,青森県東方沖,4,3
2015/11/2,3時02分ごろ,福島県沖,3.6,1
2015/11/22,8時20分ごろ,茨城県沖,4.7,4
2015/11/22,8時19分ごろ,---,---,4
2015/11/22,7時47分ごろ,福島県浜通り,3.7,1
2015/11/22,2時49分ごろ,父島近海,4.3,1
2015/11/21,14時40分ごろ,父島近海,4.7,1
2015/11/21,10時30分ごろ,栃木県南部,2.7,1
2015/11/21,4時54分ごろ,兵庫県南西部,2.3,1
2015/11/20,16時06分ごろ,父島近海,4.9,1
2015/11/20,15時44分ごろ,福島県沖,4.1,2
2015/11/20,14時45分ごろ,茨城県沖,2.8,1
2015/11/20,14時32分ごろ,硫黄島近海,6,2
2015/11/20,12時37分ごろ,千葉県東方沖,3.1,1
2015/11/20,10時26分ごろ,トカラ列島近海,3.1,1
2015/11/20,10時24分ごろ,トカラ列島近海,3,1
2015/11/20,10時08分ごろ,父島近海,5.3,1
2015/11/20,8時15分ごろ,茨城県北部,4.4,3
2015/11/20,4時46分ごろ,石川県能登地方,2.6,1
2015/11/20,3時25分ごろ,宮城県沖,4.3,1
2015/11/19,23時42分ごろ,薩摩半島西方沖,4.6,1
2015/11/19,18時33分ごろ,福島県沖,4.8,4
2015/11/19,12時39分ごろ,福島県沖,4.1,3
2015/11/19,12時18分ごろ,網走地方,3.6,2
2015/11/19,8時30分ごろ,岩手県沿岸北部,3.8,2
2015/11/19,7時46分ごろ,熊本県熊本地方,2.3,1
2015/11/19,4時57分ごろ,薩摩半島西方沖,4.2,1
2015/11/19,3時31分ごろ,南太平洋,7,---
2015/11/18,22時42分ごろ,宮城県沖,4.1,2
2015/11/18,18時38分ごろ,兵庫県南東部,2.8,1
2015/11/18,14時04分ごろ,岩手県沖,3.4,1
2015/11/18,13時39分ごろ,薩摩半島西方沖,5,1
2015/11/18,10時21分ごろ,紀伊水道,2.9,2
2015/11/18,7時46分ごろ,茨城県南部,3,1
2015/11/18,6時49分ごろ,宗谷地方北部,2.1,1
2015/11/18,2時14分ごろ,岐阜県美濃中西部,3.5,2
2015/11/17,12時08分ごろ,津軽海峡,2.7,1
2015/11/17,11時07分ごろ,薩摩半島西方沖,4.1,1
2015/11/17,3時20分ごろ,宮城県沖,2.9,1
2015/11/16,16時31分ごろ,薩摩半島西方沖,4.5,2
2015/11/16,7時56分ごろ,宮崎県北部平野部,2.9,1
2015/11/16,2時11分ごろ,十勝地方南部,4.4,3
2015/11/15,21時40分ごろ,青森県津軽北部,2.7,2
2015/11/15,12時36分ごろ,薩摩半島西方沖,4.3,1
2015/11/15,8時10分ごろ,国後島付近,3.8,1
2015/11/15,5時34分ごろ,薩摩半島西方沖,5,2
2015/11/15,4時20分ごろ,薩摩半島西方沖,5.8,3
2015/11/15,3時27分ごろ,根室半島南東沖,4.3,3
2015/11/14,19時22分ごろ,三陸沖,4.9,2
2015/11/14,17時41分ごろ,薩摩半島西方沖,4.6,1
2015/11/14,15時15分ごろ,種子島近海,3.8,1
2015/11/14,14時26分ごろ,薩摩半島西方沖,4.3,1
2015/11/14,12時52分ごろ,薩摩半島西方沖,4.6,2
2015/11/14,10時12分ごろ,薩摩半島西方沖,4.3,2
2015/11/14,6時36分ごろ,薩摩半島西方沖,4.3,1
2015/11/14,6時17分ごろ,薩摩半島西方沖,5.1,2
2015/11/14,5時51分ごろ,薩摩半島西方沖,7,4
2015/11/13,22時37分ごろ,紀伊水道,3.9,3
2015/11/13,21時17分ごろ,茨城県沖,3.4,1
2015/11/13,16時31分ごろ,兵庫県南西部,2.4,1
2015/11/13,14時12分ごろ,岩手県沿岸南部,4.3,2
2015/11/13,6時23分ごろ,茨城県沖,3.7,1
2015/11/13,3時52分ごろ,新島・神津島近海,2.1,1
2015/11/13,0時57分ごろ,茨城県沖,3.4,1
2015/11/12,13時59分ごろ,紀伊水道,2.6,1
2015/11/12,8時51分ごろ,岩手県沿岸南部,3.5,1
2015/11/12,7時48分ごろ,紀伊水道,2.3,1
2015/11/12,1時25分ごろ,紀伊水道,2.8,1
2015/11/12,1時22分ごろ,和歌山県北部,3.3,2
2015/11/12,0時33分ごろ,与那国島近海,4.9,3
2015/11/11,14時07分ごろ,三重県南東沖,3.5,1
2015/11/11,12時49分ごろ,福島県沖,3.5,1
2015/11/11,11時43分ごろ,愛知県西部,2.2,1
2015/11/11,6時36分ごろ,宮城県沖,3,1
2015/11/11,6時25分ごろ,奄美大島近海,4,2
2015/11/11,2時45分ごろ,千葉県東方沖,3.7,1
2015/11/11,0時50分ごろ,釧路地方中南部,4,2
2015/11/11,0時28分ごろ,千葉県東方沖,2.9,1
2015/11/10,23時16分ごろ,滋賀県北部,2.5,1
2015/11/10,23時13分ごろ,三陸沖,4.9,1
2015/11/10,20時02分ごろ,有明海,2.6,1
2015/11/10,19時21分ごろ,有明海,2.5,1
2015/11/10,2時15分ごろ,和歌山県北部,2.3,1
2015/11/9,19時31分ごろ,岩手県沖,3.4,1
2015/11/9,17時59分ごろ,宮城県沖,3.4,1
2015/11/8,20時39分ごろ,豊後水道,3.6,1
2015/11/8,19時44分ごろ,熊本県熊本地方,2.7,1
2015/11/8,7時32分ごろ,岐阜県飛騨地方,3.4,2
2015/11/8,4時18分ごろ,宮城県沖,3.8,1
2015/11/8,4時06分ごろ,豊後水道,3.2,1
2015/11/7,22時45分ごろ,茨城県南部,4.9,4
2015/11/7,20時22分ごろ,釧路沖,3.9,1
2015/11/7,15時10分ごろ,福島県中通り,2.9,1
2015/11/7,13時58分ごろ,十勝地方南部,3.3,1
2015/11/7,4時20分ごろ,千葉県東方沖,3.2,1
2015/11/7,3時19分ごろ,兵庫県南西部,2.9,1
2015/11/7,1時55分ごろ,兵庫県南西部,2.7,1
2015/11/6,23時18分ごろ,滋賀県北部,2.4,1
2015/11/6,22時16分ごろ,父島近海,4,1
2015/11/6,18時58分ごろ,岐阜県美濃中西部,2.1,1
2015/11/6,11時07分ごろ,豊後水道,3,1
2015/11/6,8時30分ごろ,根室半島南東沖,4.3,1
2015/11/1,21時12分ごろ,岩手県沖,4.4,2
2015/11/1,21時06分ごろ,茨城県北部,3.3,1
2015/11/1,21時04分ごろ,茨城県北部,3.2,1
2015/11/1,16時13分ごろ,岐阜県飛騨地方,2.8,1
2015/11/1,12時49分ごろ,浦河沖,5.1,3
2015/10/31,23時20分ごろ,茨城県南部,4.5,2
2015/10/31,19時27分ごろ,胆振地方中東部,1.6,1
2015/10/31,16時56分ごろ,秋田県沖,5,2
2015/10/31,7時07分ごろ,鳥取県中部,1.9,1
2015/10/31,7時00分ごろ,鳥取県中部,1.9,1
2015/10/31,1時31分ごろ,和歌山県南部,3.9,2
2015/10/30,19時32分ごろ,岩手県沿岸北部,3.8,2
2015/10/30,17時43分ごろ,熊本県熊本地方,3.1,2
2015/10/30,16時22分ごろ,熊本県熊本地方,3,2
2015/10/30,6時51分ごろ,群馬県北部,2.6,2
2015/10/30,2時19分ごろ,根室半島南東沖,3.1,1
2015/10/29,21時42分ごろ,長野県北部,2.4,2
2015/10/29,16時28分ごろ,新潟県中越地方,2.6,2
2015/10/29,11時56分ごろ,福井県嶺北,3.6,2
2015/10/29,11時55分ごろ,福島県沖,3.9,1
2015/10/29,7時34分ごろ,茨城県北部,2.8,1
2015/10/28,21時58分ごろ,鳥取県中部,2.3,2
2015/10/28,14時44分ごろ,千葉県東方沖,3.4,1
2015/10/28,12時29分ごろ,根室半島南東沖,4.5,2
2015/10/28,10時51分ごろ,千葉県東方沖,3.3,1
2015/10/28,6時21分ごろ,宮城県沖,3.4,1
2015/10/28,5時43分ごろ,福島県沖,4.3,1
2015/10/28,3時08分ごろ,大阪湾,2.6,2
2015/10/27,21時17分ごろ,岩手県沖,3.9,2
2015/10/27,18時38分ごろ,茨城県沖,3.3,1
2015/10/27,18時12分ごろ,千葉県東方沖,3.5,2
2015/10/27,15時19分ごろ,千葉県東方沖,3.2,1
2015/10/27,12時44分ごろ,福島県沖,4,1
2015/10/27,12時02分ごろ,茨城県沖,3.4,1
2015/10/27,6時09分ごろ,宮城県沖,3.5,1
2015/10/27,3時51分ごろ,釧路沖,3.7,1
2015/10/27,3時16分ごろ,島根県東部,2.7,1
2015/10/26,18時09分ごろ,インド付近,7.7,---
2015/10/26,16時15分ごろ,浦河沖,3.8,1
2015/10/26,13時02分ごろ,網走地方,2,1
2015/10/26,9時01分ごろ,宮城県沖,3.3,1
2015/10/26,2時18分ごろ,岩手県沖,3.8,2
2015/10/25,23時11分ごろ,鳥取県中部,2.3,1
2015/10/25,17時15分ごろ,山梨県東部・富士五湖,4.4,3
2015/10/25,1時55分ごろ,兵庫県南西部,2.8,1
2015/10/25,1時17分ごろ,鳥取県中部,2.1,1
2015/10/25,0時42分ごろ,神奈川県西部,2.2,2
2015/10/24,13時26分ごろ,十勝地方中部,3.9,2
2015/10/24,13時14分ごろ,千葉県北西部,3.9,2
2015/10/23,16時55分ごろ,岩手県沖,3.9,1
2015/10/23,10時24分ごろ,鳥取県中部,1.9,1
2015/10/23,3時45分ごろ,長野県中部,2.7,1
2015/10/23,1時18分ごろ,岩手県沖,4.4,3
2015/10/23,1時01分ごろ,鳥取県中部,1.8,1
2015/10/22,23時42分ごろ,根室半島南東沖,3.4,1
2015/10/22,23時16分ごろ,島根県東部,3.1,2
2015/10/22,18時12分ごろ,和歌山県南方沖,3.6,1
2015/10/22,10時41分ごろ,福島県沖,3.3,1
2015/10/22,9時51分ごろ,岩手県沖,4,2
2015/10/22,9時02分ごろ,宮城県沖,4.1,1
2015/10/22,1時14分ごろ,鳥取県中部,2.3,1
2015/10/21,15時41分ごろ,石川県加賀地方,2.6,1
2015/10/21,15時04分ごろ,福島県沖,5.5,4
2015/10/21,15時00分ごろ,茨城県沖,3.4,1
2015/10/21,14時11分ごろ,宮城県沖,3.6,1
2015/10/21,12時54分ごろ,八丈島東方沖,4.4,1
2015/10/21,6時52分ごろ,南太平洋,7.3,---
2015/10/21,6時42分ごろ,茨城県沖,3.7,1
2015/10/21,5時15分ごろ,岩手県沖,3.2,1
2015/10/21,4時47分ごろ,十勝沖,3.9,2
2015/10/21,4時28分ごろ,岩手県沿岸北部,3,1
2015/10/20,18時29分ごろ,小笠原諸島西方沖,5.7,3
2015/10/20,11時41分ごろ,奄美大島近海,3.5,1
2015/10/20,9時53分ごろ,和歌山県北部,3.2,2
2015/10/20,8時38分ごろ,宮城県沖,3.5,1
2015/10/20,7時05分ごろ,九州地方南東沖,4.1,1
2015/10/20,6時44分ごろ,九州地方南東沖,4.5,2
2015/10/20,1時41分ごろ,山梨県中・西部,2.9,1
2015/10/19,22時57分ごろ,鳥取県中部,2.8,3
2015/10/19,22時54分ごろ,---,---,3
2015/10/19,22時27分ごろ,福島県浜通り,3.4,1
2015/10/19,17時07分ごろ,鳥取県中部,2.2,1
2015/10/19,17時00分ごろ,鳥取県中部,2.3,1
2015/10/19,11時14分ごろ,鳥取県中部,3,3
2015/10/19,1時29分ごろ,鳥取県中部,2.8,1
2015/10/18,22時52分ごろ,鳥取県中部,2.4,2
2015/10/18,16時16分ごろ,大阪府北部,2.7,1
2015/10/18,15時13分ごろ,山梨県中・西部,2.4,1
2015/10/18,10時26分ごろ,鳥取県中部,1.9,1
2015/10/18,10時21分ごろ,鳥取県中部,3,2
2015/10/18,9時47分ごろ,青森県東方沖,4.4,3
2015/10/18,8時39分ごろ,鳥取県中部,2.3,1
2015/10/18,8時36分ごろ,鳥取県中部,4.3,4
2015/10/18,8時30分ごろ,鳥取県中部,4.2,4
2015/10/18,1時16分ごろ,岩手県沖,3.9,2
2015/10/17,18時51分ごろ,鳥取県中部,2.1,1
2015/10/17,18時40分ごろ,鳥取県中部,2.3,1
2015/10/17,17時53分ごろ,鳥取県中部,3.9,4
2015/10/17,14時18分ごろ,根室半島南東沖,4.5,2
2015/10/17,2時31分ごろ,橘湾,2.9,2
2015/10/13,23時59分ごろ,宮城県沖,4.4,2
2015/10/13,22時08分ごろ,長野県北部,2.5,1
2015/10/13,21時04分ごろ,宮城県沖,3.4,1
2015/10/13,13時24分ごろ,岩手県沖,4.3,1
2015/10/13,9時18分ごろ,宮古島近海,5,3
2015/10/13,9時00分ごろ,福島県沖,3.4,1
2015/10/13,4時40分ごろ,宮城県沖,3.7,1
2015/10/13,0時03分ごろ,茨城県北部,3,1
2015/10/12,14時42分ごろ,茨城県北部,3.4,1
2015/10/12,9時48分ごろ,宮城県沖,3.5,1
2015/10/11,17時11分ごろ,父島近海,3.9,1
2015/10/11,12時00分ごろ,宮城県沖,3.2,1
2015/10/11,11時20分ごろ,岐阜県飛騨地方,2.1,1
2015/10/11,11時12分ごろ,茨城県南部,3,1
2015/10/11,7時16分ごろ,根室半島南東沖,3.8,2
2015/10/10,5時32分ごろ,長野県北部,2.3,1
2015/10/9,1時01分ごろ,大隅半島東方沖,3.3,1
2015/10/8,23時45分ごろ,岩手県沖,3.3,1
2015/10/8,21時49分ごろ,青森県東方沖,3.3,1
2015/10/8,6時54分ごろ,愛媛県南予,3,1
2015/10/8,4時33分ごろ,岩手県沖,3.3,1
2015/10/7,16時46分ごろ,山梨県東部・富士五湖,3.2,2
2015/10/7,9時20分ごろ,宮城県沖,4.1,1
2015/10/7,5時25分ごろ,宮城県沖,3.8,1
2015/10/6,20時48分ごろ,宮城県沖,4,1
2015/10/6,19時17分ごろ,宮城県沖,4.4,2
2015/10/6,19時06分ごろ,宮城県沖,4.1,1
2015/10/6,18時32分ごろ,宮城県沖,4.9,3
2015/10/6,18時09分ごろ,岩手県沿岸北部,3.8,2
2015/10/6,2時18分ごろ,奈良県,3.3,3
2015/10/5,21時45分ごろ,茨城県沖,3.4,2
2015/10/5,21時28分ごろ,和歌山県北部,3.9,3
2015/10/5,19時55分ごろ,福島県沖,3.5,1
2015/10/5,19時24分ごろ,千葉県東方沖,3.6,1
2015/10/5,17時56分ごろ,釧路地方中南部,3,1
2015/10/5,9時14分ごろ,島根県東部,2.5,1
2015/10/5,4時39分ごろ,宮城県沖,4,1
2015/10/4,17時06分ごろ,宮城県沖,3.5,1
2015/10/4,11時58分ごろ,宮城県沖,3.5,1
2015/10/4,9時22分ごろ,トカラ列島近海,2.8,1
2015/10/4,4時35分ごろ,宮城県沖,3.9,2
2015/10/4,0時51分ごろ,沖縄本島近海,4.5,3
2015/10/3,23時31分ごろ,福島県沖,3.6,1
2015/10/3,23時19分ごろ,種子島近海,3.7,1
2015/10/3,8時29分ごろ,宮城県沖,3.8,2
2015/10/3,4時10分ごろ,鹿児島県薩摩地方,4.1,4
2015/10/3,4時09分ごろ,---,---,4
2015/10/2,20時36分ごろ,奄美大島近海,3.2,2
2015/10/2,18時19分ごろ,新潟県上中越沖,3.8,2
2015/10/2,15時11分ごろ,和歌山県南方沖,2.8,1
2015/10/2,12時10分ごろ,和歌山県北部,2.5,1
2015/10/2,5時39分ごろ,群馬県北部,2.2,1
2015/10/2,4時07分ごろ,奈良県,2.9,1
2015/10/1,22時42分ごろ,沖縄本島近海,4.1,2
2015/10/1,20時10分ごろ,茨城県沖,3.8,3
2015/10/1,11時27分ごろ,山形県置賜地方,3.4,1
2015/9/30,21時35分ごろ,与那国島近海,3.7,1
2015/9/30,11時53分ごろ,宮城県沖,4.1,2
2015/9/30,1時50分ごろ,青森県東方沖,3,1
2015/9/29,20時36分ごろ,三陸沖,4.7,1
2015/9/29,20時04分ごろ,長野県南部,2.6,1
2015/9/29,17時47分ごろ,三陸沖,5,1
2015/9/29,13時24分ごろ,種子島南東沖,4.3,1
2015/9/29,10時21分ごろ,長野県中部,3.1,2
2015/9/29,1時34分ごろ,岩手県沖,4,2
2015/9/28,13時10分ごろ,宮城県沖,3.5,1
2015/9/28,12時04分ごろ,千葉県東方沖,4.1,2
2015/9/28,10時40分ごろ,茨城県南部,3.1,1
2015/9/28,9時48分ごろ,千葉県北西部,3.6,1
2015/9/28,5時40分ごろ,熊本県熊本地方,2.1,1
2015/9/27,12時54分ごろ,茨城県沖,3.4,1
2015/9/27,0時44分ごろ,沖縄本島近海,3.1,1
2015/9/26,21時26分ごろ,山梨県東部・富士五湖,2.6,1
2015/9/26,20時22分ごろ,千葉県東方沖,4.2,2
2015/9/26,18時50分ごろ,苫小牧沖,4.4,2
2015/9/26,7時31分ごろ,福島県沖,3.9,1
2015/9/26,3時13分ごろ,福岡県筑後地方,3.3,3
2015/9/25,23時58分ごろ,和歌山県北部,2.4,1
2015/9/25,6時07分ごろ,青森県東方沖,3.7,1
2015/9/25,5時59分ごろ,神奈川県西部,1.6,1
2015/9/25,5時06分ごろ,---,---,3
2015/9/25,5時06分ごろ,宮城県沖,4.1,3
2015/9/24,19時58分ごろ,京都府南部,3.5,2
2015/9/24,19時10分ごろ,岩手県沖,3.8,2
2015/9/24,19時05分ごろ,三陸沖,4.6,1
2015/9/24,15時19分ごろ,秋田県内陸北部,3.7,3
2015/9/24,15時02分ごろ,秋田県内陸北部,2.9,2
2015/9/23,23時44分ごろ,栃木県南部,3.7,2
2015/9/23,20時37分ごろ,宮城県沖,3.5,1
2015/9/23,4時11分ごろ,岩手県沖,3.5,1
2015/9/22,21時53分ごろ,福島県中通り,2.8,1
2015/9/22,17時56分ごろ,茨城県沖,4.3,2
2015/9/22,16時00分ごろ,茨城県沖,4.1,2
2015/9/22,5時55分ごろ,茨城県南部,3.5,2
2015/9/21,19時15分ごろ,新潟県中越地方,2.3,1
2015/9/21,17時53分ごろ,トカラ列島近海,3.1,1
2015/9/21,16時20分ごろ,愛媛県南予,3.5,1
2015/9/21,10時48分ごろ,岩手県沖,3.7,1
2015/9/20,17時30分ごろ,宮城県沖,3.9,1
2015/9/20,9時17分ごろ,福島県沖,3.5,1
2015/9/16,5時53分ごろ,茨城県南部,3.9,3
2015/9/16,4時37分ごろ,台湾付近,5.5,1
2015/9/16,4時31分ごろ,長野県中部,2.7,2
2015/9/15,23時28分ごろ,滋賀県南部,3,1
2015/9/15,20時50分ごろ,福島県浜通り,3.8,2
2015/9/14,12時48分ごろ,小笠原諸島西方沖,4.5,1
2015/9/14,4時55分ごろ,岩手県沖,3.8,1
2015/9/13,20時27分ごろ,岐阜県飛騨地方,1.8,1
2015/9/13,16時03分ごろ,日向灘,3.5,1
2015/9/13,10時44分ごろ,長野県中部,2.6,1
2015/9/13,9時31分ごろ,宮城県沖,3.8,1
2015/9/13,0時18分ごろ,広島県北部,3.6,2
2015/9/12,22時38分ごろ,浦河沖,5.4,4
2015/9/12,22時23分ごろ,長野県中部,2.5,1
2015/9/12,11時45分ごろ,茨城県沖,4.6,3
2015/9/12,8時38分ごろ,岩手県沿岸南部,3.7,2
2015/9/12,5時49分ごろ,東京湾,5.3,5弱
2015/9/12,2時22分ごろ,福島県会津,2.3,1
2015/9/11,15時46分ごろ,根室半島南東沖,4.2,2
2015/9/11,9時08分ごろ,和歌山県南部,3.9,2
2015/9/11,8時25分ごろ,茨城県北部,2.8,1
2015/9/10,6時51分ごろ,千葉県東方沖,4,1
2015/9/9,16時56分ごろ,京都府南部,2.3,1
2015/9/9,13時45分ごろ,福島県沖,3.9,1
2015/9/9,5時22分ごろ,茨城県沖,3.4,1
2015/9/8,21時22分ごろ,茨城県沖,3.8,1
2015/9/8,20時46分ごろ,和歌山県北部,2.4,1
2015/9/8,20時22分ごろ,駿河湾,4.9,3
2015/9/8,12時31分ごろ,新潟県上越地方,2.9,2
2015/9/8,11時16分ごろ,福島県沖,4.1,2
2015/9/7,23時44分ごろ,有明海,2.1,1
2015/9/7,18時47分ごろ,千葉県東方沖,3.1,1
2015/9/7,13時44分ごろ,京都府南部,2.8,1
2015/9/7,11時33分ごろ,岩手県沖,4,1
2015/9/7,1時45分ごろ,福島県沖,4.1,2
2015/9/7,1時00分ごろ,熊本県熊本地方,2,1
2015/9/7,0時23分ごろ,石垣島近海,4.4,1
2015/9/6,13時02分ごろ,渡島地方東部,2.6,2
2015/9/6,11時49分ごろ,茨城県南部,3.1,1
2015/9/6,11時04分ごろ,石川県西方沖,4.2,3
2015/9/6,11時00分ごろ,岩手県沖,3.5,1
2015/9/6,8時53分ごろ,福島県浜通り,3.9,2
2015/9/6,3時26分ごろ,福島県浜通り,3.6,2
2015/9/5,19時35分ごろ,茨城県沖,3.8,1
2015/9/5,17時50分ごろ,長野県中部,2.5,1
2015/9/5,13時27分ごろ,宮城県沖,3.8,1
2015/9/5,13時18分ごろ,宮城県沖,4.4,2
2015/9/5,12時13分ごろ,宮城県沖,4.5,2
2015/9/5,11時28分ごろ,青森県下北地方,2.4,2
2015/9/4,13時49分ごろ,奄美大島北東沖,5.4,3
2015/9/4,7時19分ごろ,三陸沖,4.7,1
2015/9/4,6時14分ごろ,福島県会津,2.4,1
2015/9/4,6時04分ごろ,宮城県沖,3.8,2
2015/9/4,4時52分ごろ,八丈島東方沖,4.8,2
2015/9/4,2時36分ごろ,和歌山県北部,1.8,1
2015/9/4,1時52分ごろ,福島県沖,5,2
2015/9/3,14時02分ごろ,千葉県東方沖,3.3,1
2015/9/2,23時19分ごろ,伊豆大島近海,2.5,1
2015/9/2,22時56分ごろ,伊豆大島近海,3.6,2
2015/9/2,22時11分ごろ,長野県中部,2.3,1
2015/9/2,17時24分ごろ,北海道東方沖,4.2,1
2015/9/2,17時09分ごろ,北海道東方沖,4.2,1
2015/9/2,17時07分ごろ,根室半島南東沖,3.1,1
2015/9/2,16時17分ごろ,茨城県南部,3.9,2
2015/9/2,16時07分ごろ,四国沖,4.6,2
2015/9/1,19時24分ごろ,愛媛県南予,3.1,1
2015/9/1,18時40分ごろ,北海道北西沖,2.8,3
2015/9/1,17時51分ごろ,千葉県北西部,3.4,1
2015/9/1,9時22分ごろ,陸奥湾,2.4,1
2015/9/1,4時11分ごろ,長野県中部,2.7,1
2015/9/1,0時29分ごろ,静岡県西部,4.2,3
2015/9/1,0時24分ごろ,和歌山県北部,3.2,1
2015/8/31,22時56分ごろ,三陸沖,4.4,1
2015/6/15,7時22分ごろ,小笠原諸島西方沖,5.4,1
2015/6/15,5時59分ごろ,長野県北部,1.8,1
2015/6/14,13時18分ごろ,福島県沖,3.8,1
2015/6/14,11時16分ごろ,日高地方東部,3.2,1
2015/6/14,4時15分ごろ,徳島県北部,3.4,2
2015/6/13,12時33分ごろ,伊予灘,3.1,1
2015/6/13,5時55分ごろ,岩手県沖,4.6,3
2015/6/12,,,,
2015/6/11,21時42分ごろ,日向灘,3.1,1
2015/6/11,18時45分ごろ,西表島付近,3.4,1
2015/6/11,18時19分ごろ,種子島南東沖,4.7,2
2015/6/11,15時15分ごろ,福井県嶺北,3,1
2015/6/11,14時31分ごろ,網走地方,2,1
2015/6/11,14時29分ごろ,三陸沖,4.7,1
2015/6/11,13時56分ごろ,三陸沖,5.4,2
2015/6/11,13時54分ごろ,新島・神津島近海,3.4,2
2015/6/11,13時51分ごろ,三陸沖,5.7,3
2015/6/11,13時45分ごろ,三陸沖,5.8,2
2015/6/11,9時31分ごろ,岩手県沖,3.9,2
2015/6/11,9時29分ごろ,宮城県沖,3.9,2
2015/6/11,5時10分ごろ,茨城県沖,3.9,1
2015/6/11,5時06分ごろ,十勝沖,4.9,2
2015/6/11,4時50分ごろ,新潟県中越地方,1.8,1
2015/6/10,20時24分ごろ,千葉県東方沖,3.3,1
2015/6/10,19時25分ごろ,千葉県東方沖,4.3,2
2015/6/10,17時44分ごろ,三陸沖,4.8,1
2015/6/10,17時32分ごろ,三陸沖,5.6,2
2015/6/10,11時18分ごろ,熊本県天草・芦北地方,2.9,1
2015/6/10,8時38分ごろ,奄美大島北東沖,4.1,1
2015/6/10,8時07分ごろ,新島・神津島近海,3,1
2015/6/10,3時44分ごろ,青森県東方沖,4.3,1
2015/6/10,2時00分ごろ,青森県東方沖,3.7,1
2015/6/9,20時08分ごろ,青森県東方沖,3.9,1
2015/6/9,18時20分ごろ,天草灘,2.9,1
2015/6/9,16時10分ごろ,島根県東部,2.4,1
2015/6/9,16時06分ごろ,徳島県南部,3.1,2
2015/6/9,5時44分ごろ,茨城県南部,4.7,4
2015/6/8,23時20分ごろ,長崎県南西部,2.1,1
2015/6/8,20時43分ごろ,沖縄本島近海,3.4,1
2015/6/8,18時15分ごろ,宮古島近海,3.8,2
2015/6/8,15時01分ごろ,青森県東方沖,5.5,4
2015/6/8,14時25分ごろ,伊勢湾,2.6,1
2015/6/8,4時29分ごろ,沖縄本島北西沖,4.6,1
2015/6/8,1時14分ごろ,茨城県沖,3.4,1
2015/6/7,19時20分ごろ,根室半島南東沖,3.5,1
2015/6/7,9時06分ごろ,釧路地方中南部,3,2
2015/6/7,8時50分ごろ,釧路地方中南部,4.1,3
2015/6/7,6時15分ごろ,釧路地方中南部,2.2,1
2015/6/6,17時05分ごろ,釧路地方中南部,2.2,1
2015/6/6,16時28分ごろ,八丈島近海,4.6,1
2015/6/6,9時30分ごろ,西表島付近,3.4,1
2015/6/6,6時27分ごろ,千葉県東方沖,3,1
2015/6/5,19時36分ごろ,東京都２３区,3,1
2015/6/5,15時11分ごろ,宮城県沖,3.6,1
2015/6/5,8時52分ごろ,紀伊水道,4.2,2
2015/6/4,16時21分ごろ,釧路地方中南部,2.1,1
2015/6/4,14時36分ごろ,青森県東方沖,3.6,1
2015/6/4,14時03分ごろ,網走地方,3.2,3
2015/6/4,5時36分ごろ,釧路地方中南部,2.4,1
2015/6/4,4時51分ごろ,釧路地方中南部,2.8,2
2015/6/4,4時49分ごろ,釧路地方中南部,3.7,2
2015/6/4,4時34分ごろ,釧路地方中南部,5,5弱
2015/6/3,22時35分ごろ,熊本県熊本地方,2.2,1
2015/6/3,22時08分ごろ,釧路地方北部,2.2,1
2015/6/3,20時46分ごろ,兵庫県南東部,2.7,1
2015/6/3,20時39分ごろ,釧路地方北部,4,3
2015/6/3,8時21分ごろ,宮城県沖,3.6,1
2015/6/3,7時01分ごろ,茨城県沖,4.1,1
2015/6/3,6時13分ごろ,根室半島南東沖,2.8,1
2015/6/3,6時04分ごろ,父島近海,6,1
2015/6/3,3時39分ごろ,岩手県沖,3.7,1
2015/6/3,1時41分ごろ,東京都多摩東部,3.6,1
2015/6/2,17時50分ごろ,父島近海,4,1
2015/6/2,10時33分ごろ,奄美大島近海,3.3,1
2015/6/2,8時36分ごろ,沖縄本島近海,3.2,1
2015/6/2,1時06分ごろ,福島県沖,3.6,1
2015/6/1,22時55分ごろ,奄美大島近海,3.3,1
2015/6/1,19時16分ごろ,兵庫県南東部,3.7,2
2015/6/1,10時18分ごろ,沖縄本島近海,3.7,2
2015/6/1,9時49分ごろ,北海道東方沖,4.3,1
2015/6/1,2時52分ごろ,福井県嶺北,2.9,1
2015/5/31,17時14分ごろ,沖縄本島近海,3.6,2
2015/5/31,16時53分ごろ,茨城県南部,3,1
2015/5/31,7時50分ごろ,静岡県東部,2.3,1
2015/5/31,3時49分ごろ,鳥島近海,6.3,1
2015/5/31,2時22分ごろ,硫黄島近海,5.6,1
2015/5/31,1時26分ごろ,静岡県東部,2.8,2
2015/5/30,21時56分ごろ,茨城県北部,2.9,1
2015/5/30,20時23分ごろ,小笠原諸島西方沖,8.5,5強
2015/5/30,20時08分ごろ,茨城県北部,3,1
2015/5/30,16時39分ごろ,京都府南部,3,1
2015/5/30,15時43分ごろ,栃木県北部,2.9,1
2015/5/30,8時24分ごろ,宮城県沖,4,1
2015/5/30,1時06分ごろ,茨城県南部,4.8,4
2015/5/29,16時05分ごろ,茨城県沖,3.2,1
2015/5/29,12時57分ごろ,日向灘,3.3,2
2015/5/29,7時13分ごろ,千葉県東方沖,4.7,2
2015/5/29,2時51分ごろ,長野県北部,2.6,2
2015/5/29,1時08分ごろ,沖縄本島近海,3.2,1
2015/5/28,17時34分ごろ,津軽海峡,2.5,1
2015/5/28,16時57分ごろ,与那国島近海,4.7,1
2015/5/28,13時37分ごろ,長野県北部,2.5,1
2015/5/28,7時40分ごろ,静岡県東部,2.4,1
2015/5/28,2時58分ごろ,父島近海,4.6,1
2015/5/28,2時42分ごろ,大阪府北部,3.6,2
2015/5/27,19時10分ごろ,岐阜県美濃東部,2.6,1
2015/5/27,16時11分ごろ,福岡県筑後地方,4,3
2015/5/27,10時57分ごろ,茨城県沖,3.7,2
2015/5/27,10時51分ごろ,薩摩半島西方沖,4.1,1
2015/5/27,10時05分ごろ,千葉県東方沖,3.2,1
2015/5/27,7時23分ごろ,長野県北部,2.8,1
2015/5/26,19時47分ごろ,沖縄本島近海,3.6,1
2015/5/26,9時56分ごろ,与那国島近海,4.8,1
2015/5/26,9時20分ごろ,紀伊水道,2.4,1
2015/5/26,8時41分ごろ,茨城県北部,3.5,1
2015/5/26,7時09分ごろ,浦河沖,3.5,1
2015/5/26,1時35分ごろ,日向灘,4.3,2
2015/5/25,14時28分ごろ,埼玉県北部,5.6,5弱
2015/5/25,10時05分ごろ,千葉県東方沖,3.6,1
2015/5/25,8時58分ごろ,福島県沖,3.1,1
2015/5/25,5時58分ごろ,福井県嶺北,2.4,1
2015/5/25,3時38分ごろ,福島県会津,1.8,1
2015/5/24,20時59分ごろ,東京湾,2.9,2
2015/5/24,10時18分ごろ,兵庫県南東部,2.7,1
2015/5/24,6時41分ごろ,千葉県東方沖,4.1,2
2015/5/24,6時23分ごろ,三重県南東沖,3,1
2015/5/24,3時37分ごろ,岩手県沿岸北部,3.2,1
2015/5/24,0時42分ごろ,宮城県北部,2.8,1
2015/5/23,21時49分ごろ,浦河沖,3.6,1
2015/5/23,11時46分ごろ,沖縄本島近海,3.2,1
2015/5/23,8時00分ごろ,---,---,3
2015/5/23,8時00分ごろ,種子島近海,2.6,3
2015/5/22,23時58分ごろ,福島県沖,3.7,1
2015/5/22,22時28分ごろ,奄美大島近海,5.1,5弱
2015/5/22,14時44分ごろ,沖縄本島近海,3.7,2
2015/5/22,10時08分ごろ,苫小牧沖,3.9,1
